participant_id,pc1,pc2,neighborhood,neighborhood_label,song_title,song_artist
13d84e29,-0.41833646265061264,0.6891590781940001,3,About / Reminds Home / Identity,Not Like Us,Kendrick Lamar
6ee7808d,0.7946711583531825,2.2241192332280954e-15,0,Joyful Social / Joyful / Being,Blinding Lights,The Weeknd
86c8708c,-0.21822175617545617,-1.8648384340143262e-14,2,Momentum / Starting Project / Starting,Texas Hold 'Em,Beyonce
9a15fcdc,0.7946711583531821,2.2277653587365355e-15,0,Joyful Social / Joyful / Being,Blinding Lights,The Weeknd
db4e7b01,-0.4183364626506133,0.6891590781940002,3,About / Reminds Home / Identity,"Good Luck, Babe!",Chappell Roan
fef04e15,-0.4183364626506133,0.6891590781940002,3,About / Reminds Home / Identity,Texas Hold 'Em,Beyonce
d456fc2e,-0.41833646265061303,-0.6891590781939866,1,When Need / Play When / Calm,Clair de Lune,Debussy
3df83008,-0.21822175617545617,-1.8483335719917248e-14,2,Momentum / Starting Project / Starting,Blinding Lights,The Weeknd
71e90bb4,0.7946711583531821,2.2277653587365205e-15,0,Joyful Social / Joyful / Being,Tití Me Preguntó,Bad Bunny
a650949a,-0.41833646265061303,-0.6891590781939866,1,When Need / Play When / Calm,Not Like Us,Kendrick Lamar
8aeb2212,-0.41833646265061303,-0.6891590781939866,1,When Need / Play When / Calm,Lovely Day,Bill Withers
9b285599,-0.41833646265061303,-0.6891590781939866,1,When Need / Play When / Calm,Tití Me Preguntó,Bad Bunny
a3efa40f,-0.21822175617545617,-1.8483335719917248e-14,2,Momentum / Starting Project / Starting,Clair de Lune,Debussy
94ca44c6,-0.21822175617545617,-1.8483335719917248e-14,2,Momentum / Starting Project / Starting,Lovely Day,Bill Withers
f8943fff,0.7946711583531821,2.2277653587365205e-15,0,Joyful Social / Joyful / Being,Lovely Day,Bill Withers
9c56ad0e,-0.4183364626506133,0.6891590781940002,3,About / Reminds Home / Identity,Blinding Lights,The Weeknd
5c961473,-0.21822175617545617,-1.8483335719917248e-14,2,Momentum / Starting Project / Starting,"Good Luck, Babe!",Chappell Roan
41d68388,0.7946711583531821,2.2277653587365205e-15,0,Joyful Social / Joyful / Being,"Good Luck, Babe!",Chappell Roan
02f2864a,-0.41833646265061303,-0.6891590781939866,1,When Need / Play When / Calm,Texas Hold 'Em,Beyonce
01dfb66c,0.7946711583531821,2.2277653587365205e-15,0,Joyful Social / Joyful / Being,Clair de Lune,Debussy
af465b11,-0.4183364626506133,0.6891590781940002,3,About / Reminds Home / Identity,Not Like Us,Kendrick Lamar
15750b2c,-0.4183364626506133,0.6891590781940002,3,About / Reminds Home / Identity,Texas Hold 'Em,Beyonce
416339d4,0.7946711583531821,2.2277653587365205e-15,0,Joyful Social / Joyful / Being,Tití Me Preguntó,Bad Bunny
e90a565d,0.7946711583531821,2.2277653587365205e-15,0,Joyful Social / Joyful / Being,Not Like Us,Kendrick Lamar
beb44e27,0.7946711583531821,2.2277653587365205e-15,0,Joyful Social / Joyful / Being,Lovely Day,Bill Withers
a4818fcb,0.7946711583531821,2.2277653587365205e-15,0,Joyful Social / Joyful / Being,"Good Luck, Babe!",Chappell Roan
d8c610b5,-0.21822175617545617,-1.8483335719917248e-14,2,Momentum / Starting Project / Starting,Fast Car,Tracy Chapman
d4222e2b,-0.41833646265061303,-0.6891590781939866,1,When Need / Play When / Calm,Not Like Us,Kendrick Lamar
df54c2a6,-0.21822175617545617,-1.8483335719917248e-14,2,Momentum / Starting Project / Starting,Texas Hold 'Em,Beyonce
2747fa8b,-0.4183364626506133,0.6891590781940002,3,About / Reminds Home / Identity,Fast Car,Tracy Chapman
36dc1cad,-0.41833646265061303,-0.6891590781939866,1,When Need / Play When / Calm,"Good Luck, Babe!",Chappell Roan
f0cf895e,-0.4183364626506133,0.6891590781940002,3,About / Reminds Home / Identity,Lovely Day,Bill Withers
025d8544,0.7946711583531821,2.2277653587365205e-15,0,Joyful Social / Joyful / Being,Lovely Day,Bill Withers
713820f3,-0.21822175617545617,-1.8483335719917248e-14,2,Momentum / Starting Project / Starting,Clair de Lune,Debussy
bbe020bd,-0.4183364626506133,0.6891590781940002,3,About / Reminds Home / Identity,Texas Hold 'Em,Beyonce
901d1283,-0.41833646265061303,-0.6891590781939866,1,When Need / Play When / Calm,Lovely Day,Bill Withers
c5c0bbdd,-0.4183364626506133,0.6891590781940002,3,About / Reminds Home / Identity,Not Like Us,Kendrick Lamar
17d447ba,-0.41833646265061303,-0.6891590781939866,1,When Need / Play When / Calm,Texas Hold 'Em,Beyonce
6beb90aa,-0.41833646265061303,-0.6891590781939866,1,When Need / Play When / Calm,Blinding Lights,The Weeknd
8d574e17,0.7946711583531821,2.2277653587365205e-15,0,Joyful Social / Joyful / Being,Tití Me Preguntó,Bad Bunny
a8b7cade,0.7946711583531821,2.2277653587365205e-15,0,Joyful Social / Joyful / Being,Fast Car,Tracy Chapman
eae63383,-0.21822175617545617,-1.8483335719917248e-14,2,Momentum / Starting Project / Starting,Texas Hold 'Em,Beyonce
